PepName,Taste,BCUT2D_MWLOW,PEOE_VSA14,SMR_VSA1,MinEStateIndex,VSA_EState5,VSA_EState6,VSA_EState7,MolLogP
AE,Umami,10.126428644146564,11.938610575903699,24.596666341896878,-1.2729166666666665,-3.005245653817081,-2.031224017384732,-0.4867800453514739,-1.2321999999999993
RL,Umami,10.029315518111057,5.9693052879518484,14.69560176298435,-1.0578737538148613,-1.5030925691238637,-1.6790138941379031,1.3153786583886689,-0.8075299999999981
NY,Umami,10.049695459173849,5.9693052879518484,24.596666341896878,-1.233611111111111,-2.6908528596623817,3.5239177545571834,-0.34521178206513703,-1.2931999999999981
DA,Umami,10.171057183576096,11.938610575903699,24.596666341896878,-1.2275000000000007,-3.209441609977324,-2.308662131519276,-0.5295908919123207,-1.6222999999999994
DL,Umami,10.032199299774213,11.938610575903699,24.596666341896878,-1.2347108843537422,-3.036566830435878,-2.2742063492063505,-0.2631788548752836,-0.5961000000000001
DK,Umami,10.088451576096944,11.938610575903699,24.596666341896878,-1.251056967540103,-3.173054033992435,-2.316895024985304,0.9045460653397162,-1.5131999999999977
DD,Umami,10.135310489129754,17.90791586385555,34.497730920809396,-1.6390325018896452,-5.299453157806332,-3.0666761148904014,-1.4939399092970518,-2.1674999999999995
DE,Umami,10.108846757279396,17.90791586385555,34.497730920809396,-1.4100694444444442,-4.858603552532124,-2.7892380007558586,-1.3901623519778283,-1.7773999999999992
CE,Umami,10.125886651100648,11.938610575903699,24.596666341896878,-1.2907738095238093,-2.995702090506984,-2.148569696397077,-0.5247441893424036,-1.3222999999999996
EA,Umami,10.128485818613127,11.938610575903699,24.596666341896878,-1.1724216847232716,-2.884752194087511,-2.0312240173847327,-0.2464833711262282,-1.2321999999999995
EN,Umami,10.10720220991319,11.938610575903699,29.3912035259687,-1.4667795729402873,-4.2736458070882675,-2.623421674225246,-1.0149352796674227,-2.3766999999999987
ED,Umami,10.10979662043381,17.90791586385555,34.497730920809396,-1.5917795729402873,-4.929201362643823,-2.7892380007558577,-1.2930988599143365,-1.7773999999999992
EE,Umami,10.093870247943755,17.90791586385555,34.497730920809396,-1.374967981019568,-4.501240939595917,-2.511799886621316,-1.1413146153523137,-1.387299999999999
EG,Umami,10.139361933450925,11.938610575903699,24.596666341896878,-1.1770513143529011,-2.88526003611321,-0.9810648148148148,-0.2336866969009825,-1.6206999999999996
EL,Umami,10.029534484846721,11.938610575903699,24.596666341896878,-1.1226994625010496,-2.6910706937095834,-1.9967682350718072,0.0539816389518768,-0.206
EK,Umami,10.0793508447355,11.938610575903699,24.596666341896878,-1.1427722138238006,-2.8489029130808525,-2.039456910850761,1.2525365765120455,-1.1230999999999978
EP,Umami,10.111142112042325,11.938610575903699,24.596666341896878,-1.040477240278827,-2.539915648358108,-1.7597888321995478,0.8854876858150666,-0.7458999999999996
ES,Umami,10.126021965369738,11.938610575903699,29.703193736737585,-1.4274277210884359,-3.287798747585453,-2.5343721655328806,-0.384539635298564,-2.259799999999999
ET,Umami,10.10209089051818,11.938610575903699,29.703193736737585,-1.459835128495843,-3.294541288737716,-2.5786314247921402,-1.6694106407995302,-1.8712999999999989
EY,Umami,10.046759948970797,11.938610575903699,29.703193736737585,-1.2297596476862347,-2.975213707488342,3.637106559132172,-0.3293592542618517,-0.3037999999999999
EV,Umami,10.034770965516481,11.938610575903699,24.596666341896878,-1.140014277315864,-3.110043986730494,-2.0230758692365844,-0.2503925736961452,-0.5960999999999999
GD,Umami,10.18726660222059,11.938610575903699,24.596666341896878,-1.4226388888888897,-3.4003968253968244,-1.4226388888888897,-0.6656018518518518,-2.0108
LD,Bitter,10.03380971487275,11.938610575903699,24.596666341896878,-1.4460997732426308,-3.1402965167548484,-2.27420634920635,-0.2631788548752838,-0.5960999999999992
QP,Umami,10.10690562140362,5.9693052879518484,19.49013894705617,-1.0157858822541361,-1.9596687347778607,-1.6485388321995478,1.2820926240866717,-1.3451999999999982
LEL,Bitter,10.0148061005275,11.938610575903699,29.3912035259687,-1.1880830755677436,-3.412836187364957,-3.1083751154782915,0.11782116781259955,0.3249000000000019
KG,Umami,10.108423302979986,5.9693052879518484,14.69560176298435,-1.0763813040648351,-1.502842944276475,-0.6380555555555565,2.125715309271857,-1.3564999999999985
PE,Umami,10.11187512392032,11.938610575903699,24.596666341896878,-1.2105583900226755,-2.6644665952800866,-1.4975203136810291,1.1671847180230115,-0.8273999999999992
TE,Umami,10.101606555007518,11.938610575903699,29.703193736737585,-1.3496362433862432,-3.3467543251868634,-2.57863142479214,-1.7561935206181238,-1.8712999999999989
HS,Umami,10.132741176678865,5.9693052879518484,19.802129157825057,-1.3400611772486777,-1.9562319958847727,-2.2505241402116414,3.230849841479801,-2.158799999999999
LM,Bitter,10.0346990479452,5.9693052879518484,14.69560176298435,-1.0100491307634158,-0.3907383786848064,-1.4728779289493583,2.8636603993449232,0.6822999999999997
VT,Umami,10.038106149810933,5.9693052879518484,19.802129157825057,-1.3173148148148148,-1.9434722222222218,-2.0899074074074084,-1.161284958427815,-1.080099999999999
AEA,Umami,10.099840267816973,11.938610575903699,29.3912035259687,-1.2418018287561934,-3.771620527840765,-3.166245013437475,-0.509189342403628,-1.7274999999999974
AED,Umami,10.087357878539883,17.90791586385555,39.29226810488122,-1.7087684240362817,-5.982989995380867,-4.023895056479383,-1.6379098954396574,-2.272699999999997
ADA,Umami,10.134400911283565,11.938610575903699,29.3912035259687,-1.3770370370370375,-4.190069391954311,-3.4909360565213747,-0.6700075585789871,-2.1175999999999977
ADE,Umami,10.095668162816594,17.90791586385555,39.29226810488122,-1.5299277210884357,-5.97169082036957,-4.054489821295829,-1.6805196260603001,-2.272699999999997
DAG,Umami,10.164970057930084,11.938610575903699,29.3912035259687,-1.2664594881162352,-3.950243600845602,-2.2695197677836583,-0.5602199336524731,-2.5060999999999978
DAE,Umami,10.116629701222381,17.90791586385555,39.29226810488122,-1.42532861447048,-5.664175221252901,-3.953982267965856,-1.4091185848382817,-2.272699999999997
DDD,Umami,10.100730164699986,23.877221151807397,49.193332683793756,-1.8556574126564207,-8.568318157828891,-5.206236142605191,-2.728052100533612,-3.207999999999997
GY,Bitter,10.059348420871402,5.9693052879518484,19.802129157825057,-1.1251157407407406,-1.539192491811539,5.090904037540941,0.14023148148148135,-0.5371999999999997
DDE,Umami,10.088357364003086,23.877221151807397,49.193332683793756,-1.7300713340891911,-8.072637260389541,-4.912139864337737,-2.74444250144196,-2.817899999999997
DQR,Umami,10.06736449664485,11.938610575903699,34.18574071004052,-1.4404592913861771,-5.534213282735906,-4.089560397878159,-0.940856074811946,-3.6286299999999967
DR,Umami,10.106580732927572,11.938610575903699,24.596666341896878,-1.3012087165112969,-3.55777659674981,-2.4714836598219554,-0.1287653325410365,-2.3789299999999987
NAL,Bitter,10.03483312273611,5.9693052879518484,24.284676131127995,-1.1539956275720171,-3.1585358938366688,-3.1756772276811978,-0.07519667553532973,-1.6906999999999954
DED,Umami,10.078293128171438,23.877221151807397,49.193332683793756,-1.8084044837070636,-8.05874453516995,-4.881545099521292,-2.7317668271650057,-2.817899999999997
DEE,Umami,10.070524946791414,23.877221151807397,49.193332683793756,-1.5782192985218784,-7.575952819956906,-4.587448821253837,-2.700150540830556,-2.427799999999997
DEL,Umami,10.024651580264496,17.90791586385555,39.29226810488122,-1.4318863116234153,-5.666529504095792,-3.994960107499792,-1.3069728296762029,-1.2464999999999975
NGG,Umami,10.178670585014356,5.9693052879518484,24.284676131127995,-1.1989755934768558,-3.3200138059891837,-1.125209488116235,-0.3307754892080286,-3.4938999999999973
DES,Umami,10.08649102169386,17.90791586385555,44.39879549972193,-1.6440526318552122,-6.214479285745518,-4.576843873351812,-1.6236527882758045,-3.3002999999999982
LLF,Bitter,9.995085949258607,5.9693052879518484,19.49013894705617,-1.1219113908444716,-1.6480913893446842,6.463930599002055,1.0638676899717592,1.7028000000000003
FW,Bitter,10.028662480513127,5.9693052879518484,14.69560176298435,-1.0874608948517672,-1.5586698475686562,15.189638532325878,2.3114104378232265,1.8497999999999988
NNP,Umami,10.094353797061226,5.9693052879518484,29.07921331519982,-1.3528921012849586,-4.433023301454037,-3.6690060731082577,-0.19234276277340845,-3.3750999999999958
LLL,Bitter,9.990893718915679,5.9693052879518484,19.49013894705617,-1.0757568179041843,-1.3929851543591625,-2.4476636642311256,1.2670857810653082,1.5062
GL,Bitter,10.040323036519004,5.9693052879518484,14.69560176298435,-1.0180555555555555,-1.2335884353741495,-0.8231018518518523,0.4177314814814814,-0.4394000000000005
GF,Bitter,10.063530983933372,5.9693052879518484,14.69560176298435,-1.0642101284958427,-1.5333479780801205,8.170009290753338,0.2518981481481479,-0.2427999999999995
EDD,Umami,10.089080362509756,23.877221151807397,49.193332683793756,-1.838999248523509,-8.162189865956307,-4.912139864337736,-2.6121096478077,-2.817899999999997
FL,Bitter,10.020178623439756,5.9693052879518484,14.69560176298435,-1.028739711934156,-1.2753592576455128,7.775426764943809,0.7776004661123708,1.171899999999999
PR,Bitter,10.109463249054775,5.9693052879518484,14.69560176298435,-1.0470630196523052,-1.4540136765858256,-1.1797659727471244,2.4775952734935416,-1.4289299999999976
EDE,Umami,10.080998791233569,23.877221151807397,49.193332683793756,-1.6828184051398336,-7.671050845498897,-4.618043586070282,-2.6075143489716064,-2.427799999999997
EDF,Umami,10.047425811749534,17.90791586385555,39.29226810488122,-1.5754616507096666,-5.8234749847602245,4.273824209028952,-1.4528213660283678,-1.049899999999997
EDV,Umami,10.032642309276376,17.90791586385555,39.29226810488122,-1.5402980914588058,-6.218506918199379,-4.052385911830808,-1.3623032288111652,-1.6365999999999972
EDG,Umami,10.1015279496806,17.90791586385555,39.29226810488122,-1.5136777210884351,-5.798249716553287,-2.7500956370202405,-1.34331295870302,-2.6611999999999982
EQE,Umami,10.062744590499534,17.90791586385555,44.086805288953045,-1.5303111343889666,-6.5331344959420345,-4.150852542986382,-2.0786107628457984,-2.636999999999996
GR,Bitter,10.13316814747576,5.9693052879518484,14.69560176298435,-1.1068287037037032,-1.7829436465944395,-0.9538813303099029,0.7249518140589568,-2.2222299999999993
EEE,Umami,10.06497863796558,23.877221151807397,49.193332683793756,-1.5615611343889666,-7.1872555872925625,-4.293352542986382,-2.515215701117404,-2.0376999999999965
YP,Bitter,10.049444972367858,5.9693052879518484,19.802129157825057,-0.9789968285549088,-1.157601362348836,4.931029278995546,1.4896737525741857,0.3375999999999992
IV,Bitter,9.97618598937042,5.9693052879518484,14.69560176298435,-1.028054138321995,-1.5394987717309143,-1.5201795162509462,0.7857175925925927,0.5851999999999993
EED,Umami,10.070949629194924,23.877221151807397,49.193332683793756,-1.7917463195741516,-7.66550542552367,-4.587448821253836,-2.5678176871962943,-2.427799999999997
KF,Bitter,10.046161271723706,5.9693052879518484,14.69560176298435,-1.0681840251532713,-1.503042774208449,7.482133768761063,2.2847293660857875,0.2548000000000023
EEL,Umami,10.0238971394299,17.90791586385555,39.29226810488122,-1.306953420256992,-5.2846059210622425,-3.700863829232337,-1.077768868770853,-0.8563999999999978
RG,Bitter,10.135557257043926,5.9693052879518484,14.69560176298435,-1.1122256056667128,-1.7426652732054957,-0.7424924414210137,0.9652484882842024,-2.222229999999998
RR,Bitter,10.091040559852967,5.9693052879518484,14.69560176298435,-1.146646901963009,-2.0401748795387773,-1.876291204753508,1.4795064955887465,-2.590359999999997
EEK,Umami,10.058814174662162,17.90791586385555,39.29226810488122,-1.323299503443353,-5.320393313309286,-3.753839380500186,-0.12238285573283868,-1.7734999999999967
VI,Bitter,9.974902739898413,5.9693052879518484,14.69560176298435,-1.015133219954648,-1.5337537792894935,-1.5201795162509462,0.6886541005291007,0.5851999999999993
ESV,Umami,10.040643559338037,11.938610575903699,34.497730920809396,-1.3759462396069548,-4.436078698454692,-3.707006093236705,-0.4546708749436923,-2.1189999999999958
EGS,Umami,10.138135646302537,11.938610575903699,34.497730920809396,-1.4582537836709015,-4.049923137528657,-2.5350940614486794,-0.3714678362162125,-3.1435999999999984
PK,Bitter,10.090405377083652,5.9693052879518484,14.69560176298435,-0.9783626228269082,-1.1842436696900978,-1.025177337910474,3.6687847046532114,-0.5631999999999979
PP,Bitter,10.148932743403387,5.9693052879518484,14.69560176298435,-0.8760676492819341,-0.9062528344671188,-0.7455092592592605,3.2290447845804997,-0.1860000000000011
LI,Bitter,9.976807982399283,5.9693052879518484,14.69560176298435,-1.009771352985638,-1.1933577674897118,-1.4938718820861687,1.245380605946082,0.9752999999999994
GDG,Umami,10.161064547079723,11.938610575903699,29.3912035259687,-1.3445370370370375,-4.1863909097589636,-1.3445370370370375,-0.6555631141345426,-2.8945999999999987
YG,Bitter,10.06106514936157,5.9693052879518484,19.802129157825057,-1.1155709026289833,-1.4923068664640629,5.49277646552448,0.28346466364323497,-0.5372000000000006
GFP,Umami,10.040031592623988,5.9693052879518484,19.49013894705617,-1.0143865740740738,-1.828362386621314,7.624557959343313,1.3787866906021664,-0.2517999999999985
LDL,Umami,10.019597911495056,11.938610575903699,29.3912035259687,-1.3914588057445207,-3.8728984931514674,-3.4330661585621915,-0.11110299444489558,-0.06519999999999776
LVG,Umami,10.003100258377923,5.9693052879518484,19.49013894705617,-1.1354705367250455,-1.951717045263672,-1.468901853951459,0.5212237549340721,-0.29859999999999914
PLA,Umami,10.018673144977887,5.9693052879518484,19.49013894705617,-1.1014508797346096,-1.5468708532795832,-1.9446950848240547,2.165863733578831,-0.14139999999999892
PAQ,Umami,10.11343483811664,5.9693052879518484,24.284676131127995,-1.258716563786008,-2.8128495994612503,-2.407714821937857,1.3557926999968637,-1.9219999999999968
PGD,Umami,10.177895613475007,11.938610575903699,29.3912035259687,-1.5124929663223317,-3.852607570933688,-1.848520486898464,0.8406753905265805,-2.101299999999997
PSG,Umami,10.16585475748775,5.9693052879518484,24.596666341896878,-1.1909019379356678,-2.2712056983287128,-1.4809502288569756,1.5633093800472948,-2.5836999999999968
SEE,Umami,10.07631068207197,17.90791586385555,44.39879549972193,-1.5283839075753762,-5.919199319649805,-4.2827475950843565,-1.7630347013563106,-2.9101999999999952
VF,Bitter,10.022594659405435,5.9693052879518484,14.69560176298435,-1.0618896447467876,-1.5299439930293102,7.5047734525909116,0.2427862811791381,0.7818
SPE,Umami,10.101355154572378,11.938610575903699,34.497730920809396,-1.3448768056605351,-3.76299850875969,-3.347105115870449,0.2390896792601336,-2.2687999999999957
SFG,Umami,10.047090080943027,5.9693052879518484,24.596666341896878,-1.1896322016460903,-2.5103275909129072,6.789379165590835,0.17676681783824644,-1.7656999999999972
TAY,Umami,10.053106394750536,5.9693052879518484,29.703193736737585,-1.2355246913580242,-2.6051298599650226,2.4904690734660413,-1.0774155386470845,-1.2830999999999977
TPE,Umami,10.091130088636373,11.938610575903699,34.497730920809396,-1.3503787687914677,-3.769699539544416,-3.3969906611379392,-0.8569617301823289,-1.8802999999999948
VAV,Umami,10.033252199190313,5.9693052879518484,19.49013894705617,-1.105779320987654,-2.384072026958932,-2.5285706412194515,0.0,-0.30019999999999897
VDV,Umami,10.02153915074915,11.938610575903699,29.3912035259687,-1.3977777777777785,-4.703913296800202,-3.4867282375913358,-0.6737868480725622,-0.8453999999999977
VEV,Umami,10.015384539034363,11.938610575903699,29.3912035259687,-1.2078306353405557,-4.223310867556899,-3.162037194507435,-0.517007747543462,-0.4552999999999977
VES,Umami,10.03121971737466,11.938610575903699,34.497730920809396,-1.5504608108675575,-4.397216737003443,-3.717089920844882,-0.6511548091458808,-2.1189999999999967
VY,Bitter,10.021325881294931,5.9693052879518484,19.802129157825057,-1.1227952569916857,-1.5711413619115635,4.374392479213906,0.13111961451247156,0.4874000000000003
VGG,Umami,10.053071700840356,5.9693052879518484,19.49013894705617,-1.140223765432098,-2.1594256792223048,-0.6738205992273458,0.0,-1.7132999999999976
KP,Bitter,10.088824679939435,5.9693052879518484,14.69560176298435,-0.9398072299907608,-1.1833984998320304,-1.287445856428992,3.46430185500126,-0.4816999999999981
RF,Bitter,10.049545995882236,5.9693052879518484,14.69560176298435,-1.1040283267551485,-1.7494159063793586,7.23072151317472,1.1060563602162632,-0.6109299999999971
VPY,Umami,10.02809933310286,5.9693052879518484,24.596666341896878,-1.1609441924918114,-1.9013316879467383,3.601108820708351,1.2279829866468572,0.4784000000000005
YY,Bitter,10.031167325271216,5.9693052879518484,24.908656552665764,-1.1682792359623166,-1.5465699745855344,10.325609065051985,0.2965719007223335,0.7796999999999988
IF,Bitter,9.982319477389424,5.9693052879518484,14.69560176298435,-1.0568938964474677,-1.4561056521373978,7.545423698609122,1.0140370177761953,1.1719
RP,Bitter,10.108592810093716,5.9693052879518484,14.69560176298435,-0.9756515315926386,-1.407959769090269,-1.442034491265643,2.209346539503466,-1.3474299999999972
FI,Bitter,9.9806372468609,5.9693052879518484,14.69560176298435,-1.0281378600823043,-1.5957968002015626,7.7654557225782845,1.0602067078744568,1.171899999999999
YF,Bitter,10.032730652294287,5.9693052879518484,19.802129157825057,-1.1073736237174183,-1.4990574996379251,13.520580297025239,0.442095316700295,1.0740999999999985
AV,Bitter,10.045076103641367,5.9693052879518484,14.69560176298435,-1.0379629629629623,-1.6339814814814813,-1.5425000000000009,0.0,-0.4410000000000001
VA,Bitter,10.047503548425183,5.9693052879518484,14.69560176298435,-1.0654572940287224,-1.4905546107331817,-1.542500000000001,0.0,-0.4410000000000001
PA,Bitter,10.178804436145374,5.9693052879518484,14.69560176298435,-1.0080120937263792,-1.2233824640967492,-1.016944444444445,1.7616184807256237,-0.6722999999999997
ID,Bitter,9.987861251287132,11.938610575903699,24.596666341896878,-1.4489758125472416,-3.435938969723692,-2.2863416477702203,-0.0004418619299570992,-0.5960999999999992
IE,Bitter,9.986316353466018,11.938610575903699,24.596666341896878,-1.2630078420256987,-3.0104327286470136,-2.008903533635677,0.2092256130847402,-0.2059999999999996
IS,Bitter,9.990436521254598,5.9693052879518484,19.802129157825057,-1.28462396069539,-1.8554265873015865,-2.0314758125472427,0.727628732048375,-1.0784999999999991
IT,Bitter,9.986669188460342,5.9693052879518484,19.802129157825057,-1.3170313681027972,-1.8696338813303093,-2.075735071806501,-0.4382799508692362,-0.6899999999999993
IQ,Bitter,9.986107807385565,5.9693052879518484,19.49013894705617,-1.2074522864701431,-2.3893694885361545,-1.8976535336356783,0.5764478353069625,-0.8052999999999981
SL,Bitter,10.035751385418688,5.9693052879518484,19.802129157825057,-1.095194633408919,-1.5930640589569158,-2.019340513983372,0.3325614134542707,-1.0784999999999996
IN,Bitter,9.987562900358606,5.9693052879518484,19.49013894705617,-1.3239758125472416,-2.7691334141681354,-2.120525321239608,0.24647171831695655,-1.1953999999999978
WE,Bitter,10.041024343396804,11.938610575903699,24.596666341896878,-1.2880608908954865,-3.041153561570262,5.348097301904086,1.4475934426290669,0.4718999999999997
IK,Bitter,9.985243320888726,5.9693052879518484,14.69560176298435,-1.030812074829932,-1.3984183935920045,-1.5365605578651227,2.5777584700853104,0.05820000000000164
AL,Bitter,10.036444735540806,5.9693052879518484,14.69560176298435,-1.0206481481481475,-1.2405272108843532,-1.516192365835224,0.4105092592592592,-0.05090000000000045
LA,Bitter,10.03824883438974,5.9693052879518484,14.69560176298435,-1.0600954270597125,-1.1531656273620554,-1.516192365835224,0.5537424414210128,-0.05090000000000045
PY,Bitter,10.05121522420938,5.9693052879518484,19.802129157825057,-1.0653500566893424,-1.2102625218029253,5.0192278701604085,1.8464702210467896,0.25610000000000044
GW,Bitter,10.05029149082314,5.9693052879518484,14.69560176298435,-1.076776738473167,-1.5561829701016203,6.619915917749611,1.9725151171579745,0.2385000000000001
PL,Bitter,10.032976432275474,5.9693052879518484,14.69560176298435,-0.9582898715041572,-0.8995053854875283,-0.9824886621315204,2.229811114260519,0.3538999999999996
PI,Bitter,9.986318379397963,5.9693052879518484,14.69560176298435,-0.9576880196523051,-1.2002314814814816,-0.9946239606953902,2.493230505165029,0.3538999999999996
IP,Bitter,9.984203467436673,5.9693052879518484,14.69560176298435,-0.9285171012849578,-1.0657440476190465,-1.2568924792139091,2.099917328042328,0.4353999999999997
YL,Bitter,10.019261040098213,5.9693052879518484,19.802129157825057,-1.0612190507771315,-1.2598342138227598,4.61165433148568,0.6320770501344091,0.8774999999999988
LY,Bitter,10.019853342510622,5.9693052879518484,19.802129157825057,-1.1174333900226754,-1.2196360334257157,4.421170792391028,0.6320770501344088,0.8775000000000002
IW,Bitter,9.98136912212072,5.9693052879518484,14.69560176298435,-1.0694605064247915,-1.4961966852091297,5.941903783245773,2.7444889595466804,1.6531999999999996
FY,Bitter,10.032639364679213,5.9693052879518484,19.802129157825057,-1.1357998971193413,-1.548230172520465,13.550128781899755,0.442095316700295,1.074099999999999
LW,Bitter,10.0174943385314,5.9693052879518484,14.69560176298435,-1.0690943877551018,-1.2231807748862218,5.95284961984998,2.505507397594789,1.6531999999999996
WW,Bitter,10.024568941559076,5.9693052879518484,14.69560176298435,-1.0945135552945795,-1.5782891179887923,13.497302283771887,4.094464990209939,2.3310999999999993
GV,Bitter,10.050805496787452,5.9693052879518484,14.69560176298435,-1.03537037037037,-1.6241666666666668,-0.8462500000000006,0.0,-0.8295000000000003
LG,Bitter,10.042218921797692,5.9693052879518484,14.69560176298435,-1.064725056689342,-1.1465046296296293,-0.6117129629629636,0.5609646636432349,-0.4394000000000003
GP,Bitter,10.20563504515227,5.9693052879518484,14.69560176298435,-0.9358333333333329,-1.2137037037037028,-0.6518055555555562,1.2954166666666669,-0.9792999999999998
AF,Bitter,10.059192036854483,5.9693052879518484,14.69560176298435,-1.0668027210884354,-1.5313109410430834,7.45266439909297,0.2446759259259259,0.1457000000000001
FG,Bitter,10.065310241465028,5.9693052879518484,14.69560176298435,-1.083091563786008,-1.5356350256151838,8.60143020361139,0.3951313303099018,-0.2428000000000004
IG,Bitter,9.994511590376163,5.9693052879518484,14.69560176298435,-1.0650911753590322,-1.4071792328042318,-0.6209722222222231,0.7933116024187453,-0.4394000000000003
VL,Bitter,10.01077313704494,5.9693052879518484,14.69560176298435,-1.0157350718065004,-1.2164578609221468,-1.508044217687076,0.4086196145124717,0.5851999999999993
PF,Bitter,10.054785210851222,5.9693052879518484,14.69560176298435,-1.0044444444444445,-1.225897108843537,8.171206639680666,2.0204888160881116,0.5505000000000002
GI,Bitter,9.99221075353544,5.9693052879518484,14.69560176298435,-1.0174537037037032,-1.5445833333333332,-0.8323611111111118,0.6962481103552534,-0.4394000000000005
LL,Bitter,10.01081247009528,5.9693052879518484,14.69560176298435,-1.0103732048374905,-0.8774101893843955,-1.4817365835222986,0.9675821995464852,0.9752999999999994
II,Bitter,9.958953955377051,5.9693052879518484,14.69560176298435,-1.0101374716553286,-1.4601280234315954,-1.5060071806500392,1.4776510141093475,0.9752999999999994
IL,Bitter,9.978161861572788,5.9693052879518484,14.69560176298435,-1.0107393235071804,-1.1430374727051316,-1.4938718820861687,1.1992109158478206,0.9752999999999994
FP,Bitter,10.052977114784953,5.9693052879518484,14.69560176298435,-0.9465174897119336,-1.2161905811707392,8.108277410086572,1.6690539178634416,0.6319999999999995
LF,Bitter,10.020846635267077,5.9693052879518484,14.69560176298435,-1.0565277777777775,-1.1859884043659292,7.555394740974647,0.7776004661123705,1.1719
FF,Bitter,10.034329492627936,5.9693052879518484,14.69560176298435,-1.0748942848744434,-1.5358348555471566,16.777254208884347,0.5876187326782565,1.3684999999999987
LGG,Bitter,10.04198854279196,5.9693052879518484,19.49013894705617,-1.1377910204741009,-1.819958730826786,-0.6506724510791975,0.5303356219030819,-1.3231999999999986
GGV,Bitter,10.050399797583712,5.9693052879518484,19.49013894705617,-1.10323945473251,-2.352191358024691,-0.9562235449735456,0.0,-1.7132999999999976
PGR,Bitter,10.13123062478116,5.9693052879518484,19.49013894705617,-1.1481841563786002,-2.1457745529269467,-1.325470681744791,2.266549613745785,-2.3127299999999966
GPG,Bitter,10.178150861242177,5.9693052879518484,19.49013894705617,-1.1082885854959266,-1.8215524743848144,-0.5737037037037045,1.285804043839758,-1.8630999999999984
GYG,Bitter,10.04840265496648,5.9693052879518484,24.596666341896878,-1.1834399869911227,-2.245337357981657,5.158765537079028,0.15027021919879058,-1.4209999999999985
RGP,Bitter,10.133580761688425,5.9693052879518484,19.49013894705617,-1.030695162387983,-2.0648055379020915,-1.5869095937293372,1.9941404651568448,-2.231229999999996
GLG,Bitter,10.029125217798537,5.9693052879518484,19.49013894705617,-1.132594141051482,-1.8986334456622156,-0.7450000000000008,0.4277702191987904,-1.3231999999999986
GGL,Bitter,10.040060072545838,5.9693052879518484,19.49013894705617,-1.0859246399176954,-1.9416954575039889,-0.9330753968253972,0.33919509007306625,-1.3231999999999982
GGP,Bitter,10.204495125007966,5.9693052879518484,19.49013894705617,-1.0037024176954727,-1.8174784003107405,-0.7617791005291009,1.1383438838498363,-1.8630999999999984
PGP,Bitter,10.188271135596775,5.9693052879518484,19.49013894705617,-0.9771887860082302,-1.4835138993869144,-0.9623552322163444,2.9174299341331267,-1.0697999999999983
PPG,Bitter,10.136249726315867,5.9693052879518484,19.49013894705617,-1.0817749538086836,-1.4875879734609876,-0.7063668955236428,3.1591793252475964,-1.069799999999999
LLG,Bitter,10.004245107881239,5.9693052879518484,19.49013894705617,-1.1301086697560356,-1.5760726239148852,-1.442594219786681,0.9469918955236412,0.0915000000000008
LGL,Bitter,10.036370038003474,5.9693052879518484,19.49013894705617,-1.083439168622249,-1.6064059887422977,-1.6088201268161595,0.8615434530229801,0.09150000000000076
FGG,Bitter,10.06505030376838,5.9693052879518484,19.49013894705617,-1.1477263700248357,-2.182921580825205,8.504237188452521,0.3645022885697491,-1.1265999999999987
FPP,Bitter,10.048720635583297,5.9693052879518484,19.49013894705617,-0.9791643896771404,-1.4759828053149997,7.452295516998415,2.8491618185809067,0.6229999999999996
RRR,Bitter,10.062676788395775,5.9693052879518484,19.49013894705617,-1.241508731017659,-3.190412728720234,-3.185639387761018,1.6458389570814993,-3.842290000000004
GFG,Bitter,10.052081819354527,5.9693052879518484,19.49013894705617,-1.1509606481481478,-2.183868811413454,8.227684297841675,0.2619368858654572,-1.1265999999999978
FFG,Bitter,10.027422957085435,5.9693052879518484,19.49013894705617,-1.1584105264034357,-2.1938055671357777,16.737736200813817,0.5670284286554129,0.4846999999999994
PPP,Bitter,10.1138342607161,5.9693052879518484,19.49013894705617,-0.9452008797346096,-1.1320815486688491,-1.3826330099941229,4.466104348343255,-0.19499999999999967
GGF,Bitter,10.063234466511659,5.9693052879518484,19.49013894705617,-1.1320792128579826,-2.182805605139208,7.908299609261702,0.17336175673973275,-1.1265999999999974
FGF,Bitter,10.059245238515762,5.9693052879518484,19.49013894705617,-1.1395290911132705,-2.192742360861532,16.41931250315675,0.5034040710374443,0.4847000000000012
GRP,Bitter,10.090713624055605,5.9693052879518484,19.49013894705617,-1.0435206159547783,-2.1149757313393662,-1.6852950732762255,1.8023644596344812,-2.2312299999999965
RPG,Bitter,10.102905847962475,5.9693052879518484,19.49013894705617,-1.1352813301884368,-2.062037985112929,-1.4028921275300257,2.1394810801705644,-2.231229999999996
GFF,Bitter,10.026528367717287,5.9693052879518484,19.49013894705617,-1.1427633692365833,-2.1936895914497816,16.141798621622993,0.3758878968253967,0.4847000000000018
FFF,Bitter,10.013903581190473,5.9693052879518484,19.49013894705617,-1.1502132474918716,-2.203626347172106,24.65862623003766,0.6465194653433151,2.0959999999999988
GLL,Bitter,10.003332712010806,5.9693052879518484,19.49013894705617,-1.0782422891996302,-1.6978093505920882,-1.7249971655328813,0.7558513636936255,0.09150000000000053
PGG,Bitter,10.196700330231248,5.9693052879518484,19.49013894705617,-1.1137628600823042,-1.8390203241790533,-0.2293761547829012,1.7141623184448762,-1.9445999999999983
FPK,Bitter,10.047180767345644,5.9693052879518484,19.49013894705617,-1.081459363222114,-1.7949599307662416,7.074572249937368,3.2047767386813413,0.2458000000000021
YGG,Bitter,10.060822556452086,5.9693052879518484,24.596666341896878,-1.1678628269744789,-2.178966579272765,5.407131589067847,0.2528356219030823,-1.4209999999999998
PPF,Bitter,10.051003211688933,5.9693052879518484,19.49013894705617,-1.0735776748971189,-1.4974087534973166,7.386165319131344,3.2880990933322973,0.5415000000000008
VIF,Bitter,9.957425517614904,5.9693052879518484,19.49013894705617,-1.1247102544721592,-2.2984633978889732,6.409758140708126,0.8058535437693086,1.3127000000000009
YGY,Bitter,10.055280672021915,5.9693052879518484,29.703193736737585,-1.2205711603078122,-2.2902520094905814,10.099471556659307,0.2380971435327146,-0.1041000000000003
YYG,Bitter,10.024496928766148,5.9693052879518484,29.703193736737585,-1.2110263221960549,-2.2995378766096226,10.307825688133434,0.2759815966994901,-0.10410000000000123
KPF,Bitter,10.048366832324678,5.9693052879518484,19.49013894705617,-1.105034748320976,-1.8060114922860848,6.715788993512796,3.4497006039140987,0.24580000000000465
GYY,Bitter,10.023623411669076,5.9693052879518484,29.703193736737585,-1.2361483203244563,-2.371245523607466,9.755217953704882,0.08484106486947396,-0.10409999999999943
FPF,Bitter,10.040446803375128,5.9693052879518484,19.49013894705617,-1.10754118483965,-1.8413100101434672,16.089934219053085,1.7341117709753926,1.3595
GVV,Bitter,10.000666638380961,5.9693052879518484,19.49013894705617,-1.1009189709834548,-2.490038107835728,-1.7776124338624353,0.0,-0.6886999999999981
FIV,Bitter,9.957212369992495,5.9693052879518484,19.49013894705617,-1.1033731009394232,-2.4913450523773553,6.723292774152745,0.996994075599325,1.3126999999999989
VVV,Bitter,9.984754702998057,5.9693052879518484,19.49013894705617,-1.1008662446460062,-2.5390257306626367,-2.5307928634416745,0.0,0.3359000000000007
VYP,Bitter,10.008957827452473,5.9693052879518484,24.596666341896878,-1.0468131865796002,-1.9390013168949845,3.7271947698832597,1.1796182180146826,0.4784000000000003
KPK,Bitter,10.069885042858576,5.9693052879518484,19.49013894705617,-1.0789529267034397,-1.7596614129088586,-2.2786837388000825,4.935010875903213,-0.8678999999999943
PFP,Bitter,10.03264462231632,5.9693052879518484,19.49013894705617,-0.9878729423868304,-1.4943978856974878,7.615595843250063,3.152048253874552,0.5415000000000008
YPF,Bitter,10.038788270817212,5.9693052879518484,24.596666341896878,-1.1276776417892935,-1.8266708803860685,12.828562153944256,1.5337448086004386,1.0651000000000002
EGG,Bitter,10.138687120125848,11.938610575903699,29.3912035259687,-1.201077674897119,-3.608150982615268,-1.0200243029310492,-0.29393953340697543,-2.5044999999999984
DLL,Bitter,9.999187923837594,11.938610575903699,29.3912035259687,-1.2862065119257589,-3.671434129526212,-3.3342486562526266,-0.04138877197904956,-0.0651999999999982
ELL,Bitter,9.998078126039484,11.938610575903699,29.3912035259687,-1.1390434723272025,-3.301377022702572,-3.0401523779851716,0.25612794612794554,0.3249000000000015
PIP,Bitter,9.965483907983481,5.9693052879518484,19.49013894705617,-0.9698725539598548,-1.4368014088351384,-1.6725753758293458,3.627782982759985,0.3449000000000006
EMH,Umami,10.088151808681832,11.938610575903699,29.3912035259687,-1.2319882999496092,-3.0932243364784764,-3.2897835847046712,4.639501120039922,-1.0483999999999964
VEH,Umami,10.02875591212452,11.938610575903699,29.3912035259687,-1.2881459960527428,-4.048256921799942,-3.3956565227100954,2.2095486521054704,-1.1454999999999964
GLE,Umami,10.018961829721563,11.938610575903699,29.3912035259687,-1.3305108077181484,-3.6098758089987335,-2.2400288170823894,-0.3197058453010833,-1.0897999999999974
TGC,Umami,10.165348545017237,5.9693052879518484,24.596666341896878,-1.2172608024691354,-2.659060111699,-2.262848333263348,-1.0441934366339127,-2.6900999999999957
QL,Umami,10.029132961472008,5.9693052879518484,19.49013894705617,-1.0980081044763579,-2.0908237801293357,-1.8855182350718072,0.4258952191987904,-0.8052999999999981
HV,Umami,10.035462009998364,5.9693052879518484,14.69560176298435,-1.0645190329218102,-1.7560619803476945,-1.7392278439153452,3.4009525384227772,-0.4950999999999999
PET,Umami,10.075652128036296,11.938610575903699,34.497730920809396,-1.5496892059292855,-3.8719170970857473,-3.208240898211137,-0.4948128993588053,-1.9617999999999969
APA,Umami,10.149596504430187,5.9693052879518484,19.49013894705617,-1.1051700155370787,-1.8208847736625495,-2.230602534223567,1.2585629251700678,-1.0860999999999983
DCG,Umami,10.163586772706397,11.938610575903699,29.3912035259687,-1.298928623918704,-4.141166692304408,-2.3868654467960035,-0.5814784370538337,-2.596199999999998
