PepName,BCUT2D_MWLOW,PEOE_VSA14,SMR_VSA1,MinEStateIndex,VSA_EState5,VSA_EState6,VSA_EState7,MolLogP
RFPHADF,10.02563877,11.93861058,48.56935226,-1.728057626,-7.834307789,8.226835348,3.042532064,-1.97763
ASEFFR,10.00859059,11.93861058,48.88134247,-1.55726269,-7.403239981,8.786047239,-1.023160528,-2.55203
YGLF,10.01082112,5.969305288,29.39120353,-1.18360551,-2.810000552,12.12737305,0.59018,0.7212
IPAVF,9.982756956,5.969305288,29.07921332,-1.189462142,-3.539916955,4.296631749,1.942873674,0.8084
YPFPGPIPN,9.963479354,5.969305288,58.15842663,-1.588206647,-7.261508477,6.737280135,3.139206863,-0.9546
AAPY,10.04834811,5.969305288,29.39120353,-1.203830293,-2.60595485,2.398515416,1.021263079,-0.653
ESLA,10.01931367,11.93861058,39.2922681,-1.418761548,-4.826442576,-4.872742018,-0.315977644,-2.2242
EDQK,10.0541189,17.90791586,48.88134247,-1.713350908,-7.963280337,-5.881850979,-1.422219124,-3.4133
GGGE,10.13616333,11.93861058,34.18574071,-1.378578068,-4.564400679,-1.363476876,-0.702741478,-3.3883
GGPG,10.17720904,5.969305288,24.28467613,-1.148673495,-2.488856775,-0.683677249,1.128731261,-2.7469
IQEL,9.98283413,11.93861058,38.98027789,-1.399230337,-5.876377756,-4.853737308,-0.532798338,-0.9248
LEQL,10.0162467,11.93861058,38.98027789,-1.349463105,-5.570565674,-4.840119924,-0.792831833,-0.9248
QEEK,10.04776435,17.90791586,48.88134247,-1.506737324,-7.505349132,-5.56154769,-1.355535546,-3.0232
NRTF,10.03951493,5.969305288,34.18574071,-1.560960149,-5.11564713,3.058156406,-1.697818529,-3.38513
VEAL,10.02751443,11.93861058,34.18574071,-1.20871785,-4.610413327,-4.309527743,-0.366445399,-0.5605
RRPPFF,10.01979778,5.969305288,33.8737505,-1.263604301,-4.410534729,11.55244529,2.959816198,-1.15336
RGPPFIV,9.954979772,5.969305288,38.66828768,-1.197343601,-5.397625985,2.961459751,3.139403695,-0.84103
RPPPFFF,10.00663396,5.969305288,38.66828768,-1.28915155,-4.421409856,19.76132014,3.741529815,0.81707
RRPPPFFF,10.00662826,5.969305288,43.46282487,-1.31403875,-5.698249447,17.9598939,3.504737474,-0.43486
VYPFPPGINH,9.971975861,5.969305288,62.95296381,-1.624606929,-9.268514778,4.439598498,4.340637426,-1.3542
RPGFF,10.02622365,5.969305288,29.07921332,-1.224597002,-3.6053198,13.84372467,2.004649214,-0.77623
RPGGFF,10.02635887,5.969305288,33.8737505,-1.245134545,-4.408734743,13.62638309,1.922492769,-1.66003
FFRPFFRPFF,10.00595863,5.969305288,53.05189924,-1.413251622,-8.254491535,40.72004956,1.382820446,1.75664
RPFG,10.03962744,5.969305288,24.28467613,-1.196117801,-2.810109166,6.452356733,2.112715362,-1.50373
GPFF,10.0209371,5.969305288,24.28467613,-1.168980326,-2.547627322,15.23825505,1.42015124,0.4757
RGFF,10.02621938,5.969305288,24.28467613,-1.202088474,-3.210687999,14.69371736,0.994710795,-0.76723
RPGF,10.06278701,5.969305288,24.28467613,-1.177236365,-2.804744768,6.232596372,2.089669361,-1.50373
FFPR,10.01792807,5.969305288,24.28467613,-1.195676259,-2.885235811,14.68718714,1.909629338,0.10757
GGGLG,10.02886672,5.969305288,29.07921332,-1.199293299,-3.461381002,-0.916023172,0.303270023,-3.0908
GGLGG,10.0286529,5.969305288,29.07921332,-1.204490178,-3.452804725,-0.893933033,0.318604786,-3.0908
LGGGG,10.0419833,5.969305288,29.07921332,-1.20638929,-3.31741646,-0.707950565,0.485913435,-3.0908
GLGGG,10.02890074,5.969305288,29.07921332,-1.205869805,-3.410353798,-0.816930358,0.371812172,-3.0908
GGGGL,10.04005367,5.969305288,29.07921332,-1.152623798,-3.464458884,-1.032165352,0.263489423,-3.0908
GGLG,10.02887244,5.969305288,24.28467613,-1.172979051,-2.670270071,-0.854973545,0.349233828,-2.207
GLGG,10.02890523,5.969305288,24.28467613,-1.17817593,-2.635617151,-0.783959488,0.397141177,-2.207
LGGG,10.04198353,5.969305288,24.28467613,-1.179555558,-2.54914443,-0.683643321,0.505006617,-2.207
GGGL,10.04005383,5.969305288,24.28467613,-1.12630955,-2.68725544,-0.994125024,0.293231285,-2.207
LLLL,9.981062999,5.969305288,24.28467613,-1.115035884,-2.051612267,-3.522811823,1.489819679,2.0371
RRPFF,10.01914142,5.969305288,29.07921332,-1.256236998,-4.017233561,12.44058286,2.111937565,-1.14436
FFPP,10.01786505,5.969305288,24.28467613,-1.024680888,-2.151491499,15.43992902,2.709238418,1.3505
GPPF,10.05049729,5.969305288,24.28467613,-1.126308264,-2.139628055,6.639501434,2.52855016,-0.2608
VYPFPPIGNH,9.972950568,5.969305288,62.95296381,-1.611823378,-9.213674473,4.533925367,4.370766352,-1.3542
VYPF,10.00692031,5.969305288,29.39120353,-1.168315099,-2.725325196,11.42278669,1.174343127,1.2059
RPFF,10.01989628,5.969305288,24.28467613,-1.194331165,-2.829826636,14.16559031,2.11215572,0.10757
RGPGPIIV,9.937153179,5.969305288,43.46282487,-1.197958057,-6.440850362,-5.958981921,3.486873748,-1.92143
RPFFRPFF,10.00695584,5.969305288,43.46282487,-1.326651051,-6.293547261,26.07325685,2.313682518,0.30164
PVRGPFPIIV,9.936900877,5.969305288,53.05189924,-1.214322433,-8.356873058,-0.263554106,4.189900604,-0.25983
RPFFRPFFRPFF,10.00465928,5.969305288,62.6409736,-1.456263646,-10.15780616,37.14694437,1.933871345,0.49571
RGPPFIVRGPPFIV,9.951050044,5.969305288,72.23004797,-1.347869453,-12.47902708,3.692958093,4.255409858,-1.59556
PVLGPVRGPFPIIV,9.936900865,5.969305288,72.23004797,-1.314026108,-12.07241215,-4.111577149,4.545341954,-0.48093
FGFG,10.0502583,5.969305288,24.28467613,-1.196477147,-2.911924387,16.39135847,0.488113804,-0.3991
FGGF,10.06292276,5.969305288,24.28467613,-1.177595712,-2.907791034,16.17137075,0.444354449,-0.3991
PVLGPV,9.992154341,5.969305288,33.8737505,-1.148885831,-3.946189104,-4.011017675,2.856666348,-0.2573
PFPIIV,9.936903616,5.969305288,33.8737505,-1.16781037,-4.437736041,4.13126195,3.874865436,1.7441
VIIPFPG,9.935118913,5.969305288,38.66828768,-1.20581597,-4.904162326,3.501054716,3.003081045,0.9418
RGPFPIV,9.958949802,5.969305288,38.66828768,-1.188836785,-5.361150916,3.038833586,3.080857213,-0.84103
VIPFPGR,9.955828255,5.969305288,38.66828768,-1.259130349,-5.11765699,3.188402517,2.754717958,-0.84103
VIIPFPGR,9.935118866,5.969305288,43.46282487,-1.269316735,-6.248015342,1.880416942,3.052532216,-0.31013
RGPPGF,10.06284294,5.969305288,33.8737505,-1.205675938,-3.928196014,5.174359173,2.819450698,-2.39653
RRPPGF,10.06001596,5.969305288,33.8737505,-1.219595797,-4.37301301,3.867804153,3.046053823,-2.76466
RGPPFF,10.02010551,5.969305288,33.8737505,-1.239738797,-3.962371848,12.94503771,2.778574518,-0.78523
RGPPGGV,10.05038069,5.969305288,38.66828768,-1.197209954,-5.026620251,-3.610139848,2.686083335,-3.86703
RGPPGIG,9.979963136,5.969305288,38.66828768,-1.226930759,-4.924224133,-3.510553132,3.208767108,-3.47693
RGPPGGF,10.06321723,5.969305288,38.66828768,-1.226049713,-4.740324549,5.028797199,2.714457191,-3.28033
RGPPFGG,10.04000962,5.969305288,38.66828768,-1.24169687,-4.753507528,5.182727273,2.687152834,-3.28033
RGPPGFG,10.05147116,5.969305288,38.66828768,-1.244931148,-4.748855263,5.160831926,2.722748553,-3.28033
RGPPGFF,10.02622928,5.969305288,38.66828768,-1.257626908,-4.777297996,12.68038737,2.678547689,-1.66903
RGPPFFF,10.00669395,5.969305288,38.66828768,-1.289927187,-4.818923707,20.3606486,2.572582493,-0.05773
RGPPGGFF,10.02635896,5.969305288,43.46282487,-1.27025042,-5.612200768,12.49944871,2.597801643,-2.55283
RGPPGGGFF,10.0263616,5.969305288,48.25736205,-1.27991894,-6.462286362,12.36484515,2.531454831,-3.43663
RGPPF,10.05046801,5.969305288,29.07921332,-1.166542371,-3.145587271,5.383519786,2.951041156,-1.51273
PPFIV,9.954988166,5.969305288,29.07921332,-1.152533001,-3.429811481,5.155510165,3.594592034,1.2132
GPPFIV,9.954979949,5.969305288,33.8737505,-1.175390164,-4.229308916,4.331597349,2.802941271,0.4109
RPPFIV,9.954975291,5.969305288,33.8737505,-1.186022392,-4.581277592,3.246961925,3.42603631,0.04277
RGPFIV,9.955029696,5.969305288,33.8737505,-1.191137779,-4.977983345,3.871019601,2.262102888,-0.83203
RGPPFI,9.976616565,5.969305288,33.8737505,-1.16960367,-4.196407416,4.243797722,3.322521184,-0.98183
PFIV,9.955138502,5.969305288,24.28467613,-1.12883414,-2.965976184,6.117135325,2.461200525,1.2222
VIFPPG,9.954766206,5.969305288,33.8737505,-1.184077935,-3.870921341,4.813178345,2.69309009,0.4109
VIFPPGR,9.954766021,5.969305288,38.66828768,-1.254831418,-5.153497584,3.253694728,2.784865741,-0.84103
FPPFIV,9.954973402,5.969305288,33.8737505,-1.178166147,-4.271213224,12.86135042,3.032401832,2.0222
KPPFIV,9.954974868,5.969305288,33.8737505,-1.17786372,-4.229276557,3.521393091,4.674433961,0.9085
GGRGPPFIV,9.954979752,5.969305288,48.25736205,-1.215999585,-7.261306265,2.360326947,2.433061124,-2.60863
RGPPFIVGG,9.952711472,5.969305288,48.25736205,-1.259660098,-7.193951767,2.681230467,2.896346551,-2.60863
GGRGPPFIVGG,9.952711456,5.969305288,57.84643642,-1.271860102,-9.109413703,2.080097664,2.19000398,-4.37623
GGVVV,9.979991733,5.969305288,29.07921332,-1.167565402,-4.453337992,-3.044166573,0,-1.4317
FFPGG,10.0189244,5.969305288,29.07921332,-1.201635984,-3.265836548,15.90601528,1.491980815,-0.4081
GGFFGG,10.0205212,5.969305288,33.8737505,-1.237969835,-4.475041094,15.49630555,0.17483935,-2.1667
RPFFGG,10.01514991,5.969305288,33.8737505,-1.243486677,-4.423784459,13.84352299,1.886324756,-1.66003
FFGG,10.02727921,5.969305288,24.28467613,-1.193242869,-2.909753315,16.55491415,0.511070382,-0.3991
RRPP,10.06128992,5.969305288,24.28467613,-1.058032361,-2.77689428,-3.524575606,3.392774806,-2.60836
FFPE,10.01794916,11.93861058,34.18574071,-1.400967203,-4.202262087,14.11422661,0.547501758,0.7091
GGFF,10.02636505,5.969305288,24.28467613,-1.183148279,-2.913227625,15.71864561,0.251387701,-0.3991
FFPG,10.01894312,5.969305288,24.28467613,-1.161254962,-2.522258984,16.09806507,1.596655838,0.4757
GGRPFFGG,10.01487707,5.969305288,43.46282487,-1.267481141,-6.198594586,12.97217984,1.117806424,-3.42763
PFPP,10.02955206,5.969305288,24.28467613,-1.004625428,-1.787534783,6.879382607,4.227073762,0.5325
RGGFIV,9.955709809,5.969305288,33.8737505,-1.199117206,-5.401150386,4.599177938,1.332469579,-1.70683
RGPKPIIV,9.936951111,5.969305288,43.46282487,-1.201088357,-6.469146826,-7.14307147,4.669485691,-1.42383
RGPPFIIV,9.935331284,5.969305288,43.46282487,-1.205953686,-6.590174744,1.669342076,3.47142484,-0.31013
RGPEPIIV,9.936969408,11.93861058,53.36388945,-1.385485702,-8.585911703,-7.921527895,2.027549916,-1.68803
RGPFPIIV,9.936900886,5.969305288,43.46282487,-1.201654755,-6.543393489,1.752043946,3.414534864,-0.31013
VYPFPPG,10.00542662,5.969305288,43.77481508,-1.203310474,-4.336792705,9.650808955,2.814665997,0.3041
VYPFPPGI,9.991825938,5.969305288,48.56935226,-1.180626982,-5.420232915,8.317613084,3.145528788,0.835
VYPFPPGIGG,9.979775161,5.969305288,58.15842663,-1.258895692,-7.171936443,8.064918388,2.865299198,-0.9326
VYPFGGGINH,9.972078807,5.969305288,62.95296381,-1.627918994,-10.18210756,6.04712689,2.839300328,-3.1038
PGPIP,9.964607974,5.969305288,29.07921332,-1.03935756,-2.592706654,-2.739043364,4.402080648,-0.5479
PGPGPG,10.16381178,5.969305288,33.8737505,-1.17877694,-3.221540241,-1.793116952,3.726048028,-2.8464
PFPGPI,9.985220129,5.969305288,33.8737505,-1.127519935,-3.446613331,5.491856989,4.410317346,0.1796
PFPGPIP,9.964605608,5.969305288,38.66828768,-1.073684087,-3.823071164,4.588856185,5.239397876,0.1706
YPFPGPI,9.985219818,5.969305288,43.77481508,-1.152217704,-4.339269718,9.811491865,3.589893873,0.6942
AFDEK,10.0318627,17.90791586,48.88134247,-1.754233005,-7.916445862,1.580213312,-1.13541689,-1.9314
EEDGK,10.06730464,23.87722115,58.78240705,-1.775426971,-9.583366605,-5.983340951,-1.808392009,-3.6978
EAGIQ,9.972516946,11.93861058,43.77481508,-1.389359552,-6.617390412,-4.734117821,-0.476350645,-2.8348
EQQQQ,10.04037097,11.93861058,58.15842663,-1.622523731,-10.49520921,-7.745490539,-4.177131977,-5.7357
LPEEV,10.0215417,17.90791586,48.88134247,-1.484241901,-7.255984287,-5.997229935,-0.595560594,-0.7246
CALTP,10.01154099,5.969305288,34.18574071,-1.384697761,-3.698206012,-5.356373033,-0.302595431,-1.7797
EESLA,10.01879374,17.90791586,53.98786987,-1.618728294,-7.668140337,-6.88072505,-1.553539047,-2.8746
EQEEK,10.04118555,23.87722115,63.57694424,-1.68313247,-10.49171329,-7.627067201,-3.193708315,-3.6736
VVGET,10.00151336,11.93861058,44.08680529,-1.681430954,-6.381271869,-4.953250266,-2.349083234,-2.4735
SAEQT,10.05596334,11.93861058,53.98786987,-1.752089693,-7.69079616,-7.420060137,-3.350141762,-5.1392
HCHTN,10.0659554,5.969305288,38.98027789,-1.715868705,-6.293910394,-7.047662959,3.42267592,-4.5449
SEGGR,10.1057062,11.93861058,44.08680529,-1.34618963,-6.2236312,-3.921442913,-0.46328915,-5.27933
KSAEN,10.08113199,11.93861058,48.88134247,-1.725039614,-7.643604896,-7.019857197,-0.275715212,-4.7811
KGDEE,10.06657121,23.87722115,58.78240705,-1.775426971,-9.878791649,-6.082433765,-1.814311513,-3.6978
ALPAEV,10.01298449,11.93861058,43.77481508,-1.371806712,-6.145931112,-6.424688502,0.400094865,-1.0648
NVVGET,9.988974709,11.93861058,53.67587966,-1.731311545,-9.003037203,-6.874339855,-2.949305249,-4.1133
CCNKSV,10.03708978,5.969305288,43.77481508,-1.576898033,-7.479590439,-8.045302973,0.125744444,-4.6654
ENINEL,9.964869052,17.90791586,63.26495403,-1.779746436,-12.25692699,-9.298344011,-3.231091571,-3.6051
ALPEEV,10.01122016,17.90791586,53.67587966,-1.524697396,-8.288424929,-7.275829497,-1.047922731,-1.2199
TESSSE,10.07828195,17.90791586,74.10198924,-1.857283878,-10.29832003,-10.30458127,-3.623556461,-7.0904
KAPSTM,10.08909658,5.969305288,44.08680529,-1.578447691,-4.574765847,-7.164631417,2.9502656,-3.3964
INEL,9.984888532,11.93861058,38.98027789,-1.466510272,-6.321813165,-5.127482788,-0.769755046,-1.3149
GPDPER,10.06233672,17.90791586,53.67587966,-1.593748969,-8.390567244,-6.686741094,-0.516496505,-3.93113
INKPGL,9.984824368,5.969305288,38.66828768,-1.378310455,-5.50523171,-5.45649969,2.282482701,-1.9435
SDSCIR,9.968998957,11.93861058,53.98786987,-1.746986969,-9.031522589,-8.942148213,-0.32821483,-5.47923
QDSIGS,9.975172589,11.93861058,58.78240705,-1.738703213,-9.330247109,-7.661870821,-1.029067235,-5.7754
ADGLWL,9.994251906,11.93861058,43.77481508,-1.502160492,-6.679810789,1.250707857,1.24934041,-0.2355
GFLGPQ,10.00705526,5.969305288,38.66828768,-1.353694037,-5.072328415,4.674161178,0.744367616,-1.8544
WDDMEK,10.03887698,23.87722115,63.57694424,-1.913313071,-10.9756018,-2.242969842,0.908473689,-1.7574
VADLMR,10.01027469,11.93861058,43.77481508,-1.625009221,-6.952412384,-7.424558993,1.425775765,-1.96463
STELFK,9.995506954,11.93861058,53.98786987,-1.64613052,-7.360369326,0.177471151,-1.439650758,-2.522
DALKKK,10.00594233,11.93861058,43.77481508,-1.386400528,-6.261331581,-7.125878181,3.044130847,-2.25
KEMQKN,10.04141146,11.93861058,53.36388945,-1.698071546,-8.725234189,-8.296821958,1.557767796,-4.1609
HNESQN,10.06154028,11.93861058,63.26495403,-1.895687951,-11.97603857,-10.14591212,-1.237868292,-7.3385
TGDPEK,10.05873125,17.90791586,58.78240705,-1.651210717,-8.667811714,-7.026647006,-1.747427401,-4.1908
KGGGGP,10.10796798,5.969305288,33.8737505,-1.09128785,-4.007172156,-1.645442659,2.818963997,-4.0169
AHSVRFY,10.0017671,5.969305288,48.88134247,-1.59896949,-7.341309056,5.06499179,2.674744028,-2.60463
ASNMSDL,10.02898893,11.93861058,63.57694424,-1.814149086,-10.34385264,-10.81308243,-0.183519007,-5.5391
LQPLNAH,10.00837054,5.969305288,48.25736205,-1.595009348,-7.762725015,-8.755510851,2.644715314,-2.9679
IQQDDCK,9.983046673,17.90791586,68.05949121,-2.060383243,-14.06520531,-11.30472438,-2.819836491,-5.1076
SEASNNK,10.06739321,11.93861058,68.37148142,-1.875021776,-11.84019245,-11.39336704,-2.067175077,-7.9438
IGPGLGR,9.994098761,5.969305288,38.66828768,-1.265588797,-5.179305064,-3.856928721,2.212552471,-2.93703
AGDDAPR,10.09099365,17.90791586,58.47041684,-1.849324391,-10.35983931,-8.380031135,-1.201722741,-5.30283
KDGGGGK,10.08437264,11.93861058,48.56935226,-1.506088773,-7.444332801,-3.632678172,1.939187356,-5.4346
AEASALR,,-666,-666,-666,-666,-666,-666,-666
LGDVLVR,9.975981358,11.93861058,48.56935226,-1.633898931,-8.936748273,-7.521222941,-0.107478903,-1.91933
FVGLQER,10.00805264,11.93861058,53.36388945,-1.604075683,-9.577506107,1.136614939,-1.59914664,-2.72313
RGEPNND,10.0677405,17.90791586,68.05949121,-1.987587621,-13.45199989,-9.644873395,-3.198713865,-7.20173
AGAGPTP,10.08481325,5.969305288,43.77481508,-1.396283967,-4.97760253,-5.225562769,0.196493733,-3.9971
VYETPDR,10.00661267,17.90791586,68.68347163,-1.801502117,-11.02612226,-4.853355185,-3.761021915,-3.59883
DAPYDYK,10.01630434,17.90791586,68.68347163,-1.8651125,-10.02998726,0.912415707,-0.902694955,-2.1918
NQEGLFR,10.00332508,11.93861058,58.15842663,-1.601187482,-10.59483695,-0.034370643,-2.327262863,-4.50373
AQALQAQA,10.01075273,5.969305288,57.84643642,-1.487151864,-10.0841254,-10.51538971,-1.830875485,-5.2859
KGDEESLA,10.01860773,23.87722115,78.272546,-1.889693373,-13.71151887,-11.04458438,-2.551583694,-5.1851
KGSLADEE,10.01854566,23.87722115,78.272546,-1.945805574,-13.50372077,-10.88871314,-2.202798193,-5.1851
SLADEEKG,10.01942681,23.87722115,78.272546,-1.946392524,-13.45207578,-10.91245179,-3.102762147,-5.1851
SLAKGDEE,10.01921156,23.87722115,78.272546,-1.923603432,-13.14300072,-10.4502623,-2.790456432,-5.1851
YGGTPPFV,10.01010588,5.969305288,53.67587966,-1.489999585,-6.342616534,8.127241459,0.206810757,-1.7051
VAPEEHPT,10.04144454,17.90791586,68.37148142,-1.681299207,-10.24495564,-10.73387589,-0.357269936,-3.4436
FAGDDAPR,10.05982741,17.90791586,63.26495403,-1.900589904,-11.39811215,-0.915460204,-1.179251192,-4.57533
PECGLVVG,9.978805154,11.93861058,53.36388945,-1.269985931,-8.606002154,-6.424424181,0.802709958,-2.3679
FADNVFAL,9.996312924,11.93861058,58.15842663,-1.831792248,-11.13915431,6.105227675,-1.629336766,-1.6307
RPNPFENR,10.02327147,11.93861058,62.95296381,-1.809116421,-11.9307004,-3.275060978,-1.518269722,-5.81086
DPLRGGYY,10.00899922,11.93861058,63.57694424,-1.434001879,-8.823157267,3.693803183,-0.005532356,-2.75843
QAEADMAR,10.08216225,17.90791586,68.05949121,-1.828902581,-11.89614045,-11.51788684,-0.619282883,-5.52703
HGEDKEGE,10.04510684,29.84652644,83.06708318,-1.973587121,-14.96959978,-9.739471477,-1.679763471,-5.7814
IPIPATKT,9.960212909,5.969305288,53.67587966,-1.668647606,-6.585914741,-9.40127252,0.89060389,-2.193
GRVSNCAA,10.01128822,5.969305288,53.36388945,-1.733075278,-10.03084526,-9.865031032,-0.456434427,-6.82013
QIEELEGK,9.964207436,23.87722115,77.96055579,-1.733181396,-14.12717382,-10.40640015,-2.928182482,-3.4956
TDVEQEGD,10.0039113,29.84652644,92.96814776,-1.897760619,-18.0357922,-12.33118955,-7.496900146,-6.5954
GLLPDGTPR,9.99124084,11.93861058,63.26495403,-1.738373575,-9.636548431,-9.087780829,-0.802926809,-4.23713
STMLLESER,9.988391482,17.90791586,83.37907339,-1.914702847,-13.23195694,-14.07113756,-2.505210359,-5.51973
LLLPGELAK,9.983593158,11.93861058,58.15842663,-1.478017943,-8.202404908,-9.017398384,1.862471471,-0.3876
LLLPGELAF,9.983593152,11.93861058,58.15842663,-1.483142195,-8.262296685,-0.511835519,0.714357852,0.7261
PGPAGPAGP,10.14899255,5.969305288,48.25736205,-1.109457016,-5.269167909,-5.06558579,4.268248205,-3.846
GPAGPAGPR,10.10309061,5.969305288,48.25736205,-1.254211193,-6.107008519,-5.942943284,3.006779765,-5.00743
MAASGDVGK,10.02132107,11.93861058,63.26495403,-1.75911579,-9.948144295,-9.104722962,2.354822757,-5.4156
TREQMIHER,9.964568569,17.90791586,77.96055579,-1.720351304,-14.56783387,-14.04608917,-0.746112752,-6.05586
EGSTIGLSK,9.971056293,11.93861058,73.47800881,-1.74134389,-10.91268319,-10.17344007,-0.889830985,-6.0091
ANPGPVRDLR,10.00276185,11.93861058,67.747501,-1.845965578,-13.04639187,-12.12005007,-0.500871117,-5.99606
QVAIAHRDAK,9.970989527,11.93861058,67.747501,-1.848502849,-13.14486092,-13.88052127,2.260113842,-5.37843
AGFAGDDAPR,10.04645828,17.90791586,72.85402839,-1.947888502,-13.32700782,-2.821171168,-1.558355748,-5.95443
GYSFTTTAER,10.02438078,11.93861058,88.48560079,-1.995183057,-13.30883605,-1.695537902,-6.997867074,-7.13343
GFSFTTTAER,10.0247788,11.93861058,83.37907339,-1.983284809,-13.01823987,1.457347917,-6.814108151,-6.83903
VVLNPVARVE,9.979739271,11.93861058,67.747501,-1.589843623,-13.39901534,-12.98596101,-1.112159861,-3.03883
LLDAFFFDNK,9.998278337,17.90791586,77.64856558,-2.000138234,-14.91411797,9.246734343,-2.63620397,-1.4445
EATLWDMEEK,9.994680037,29.84652644,97.76268495,-2.013216123,-17.22937,-9.484012319,-3.073770651,-3.1165
VLPTDQNFILR,9.953660352,11.93861058,82.44310276,-2.094439552,-16.77911183,-8.682699106,-4.380225058,-3.95083
MTNLLEDLSFR,9.987262723,17.90791586,92.65615755,-2.059778272,-17.66345585,-9.787990773,-3.700489826,-4.76833
LPLLEEAFLSR,9.987524646,17.90791586,82.75509297,-1.749742896,-14.06159373,-7.092050995,-1.446384759,-1.81533
MEREQEESTMR,10.03440278,29.84652644,112.4582867,-2.085728744,-21.15749382,-19.46214214,-6.476281995,-8.62316
VTADESQQDVLF,9.9841652,23.87722115,112.1462965,-2.13943803,-23.39622428,-12.68657198,-8.580869677,-6.9299
DAGVIAGLNVLR,9.958803725,11.93861058,77.33657537,-1.693964713,-15.74477915,-13.50173162,-0.87337472,-4.90263
NALKSVECYDAR,10.0050472,17.90791586,97.45069474,-1.958806381,-19.2375666,-13.83304835,-2.874295425,-7.04943
AKLTSLEEECQR,10.00268866,23.87722115,107.3517593,-1.985813778,-21.12777533,-19.81971873,-6.956733087,-7.60173
GFGDSCTPGKNER,10.05101135,17.90791586,102.2452319,-1.931348114,-19.41712759,-8.15599651,-4.587816994,-10.23093
YADSNIQINGTDR,9.95474965,17.90791586,116.9408337,-2.060123494,-25.30382427,-15.73137838,-7.279206696,-10.49023
YLASCLSSVKEEK,10.00462743,17.90791586,107.6637495,-1.899545165,-18.48232478,-14.25650873,-1.659734893,-6.1734
RGENESEEEGAIVT,9.957075645,35.81583173,136.7429628,-2.220419988,-28.26430174,-21.47448306,-10.60330706,-10.47873
RGENESDEFGAIVT,9.957073834,29.84652644,126.8418983,-2.274953743,-26.32979912,-13.46309851,-8.626416839,-9.49093
AREIALQELGEQAK,9.966398428,23.87722115,111.5223161,-1.828665332,-22.90942573,-19.88175899,-5.330893385,-6.95223
EQLEATVQKLDESR,9.996559973,29.84652644,131.6364354,-2.120130217,-26.94070116,-24.28523123,-9.390445785,-9.16573
IMEALAGAGIDPRR,9.971916714,17.90791586,92.03217713,-1.80632532,-17.08599623,-16.2639871,1.179062974,-5.71316
RGENESDEQGAIVT,9.957075555,29.84652644,131.6364354,-2.31611774,-28.11836224,-21.65987419,-9.827048983,-11.46813
SGVVAAVNDAAKDFHG,9.990576294,17.90791586,111.5223161,-2.067833166,-23.33221012,-13.94243477,-0.827439153,-8.8647
VLSLNSGTEAVEAAIK,9.968452371,17.90791586,121.7353709,-1.99065677,-23.53046021,-23.36829547,-4.254042894,-8.0889
DEDFKREP,10.01637397,29.84652644,83.06708318,-1.999910492,-15.16281635,-4.902606542,-3.988326851,-4.38793
LYER,10.00765907,11.93861058,39.2922681,-1.431155623,-5.120898427,0.963813611,-0.345938787,-1.02483
VRSY,10.02906447,5.969305288,34.49773092,-1.497512361,-4.119197151,0.857292374,0.307519173,-2.28743
NGKET,10.05282641,11.93861058,48.88134247,-1.725619355,-7.263062785,-5.761967742,-2.01567273,-4.7811
EHAMLN,10.01267187,11.93861058,48.56935226,-1.615619092,-7.255955988,-7.70748448,3.554491301,-2.6526
EFKEYN,10.01354697,17.90791586,63.57694424,-1.781851538,-10.07529675,4.902528831,-2.287351454,-2.2527
KGRYER,10.0195666,11.93861058,48.88134247,-1.580131641,-7.725105903,-1.131840532,0.507334373,-4.07766
TLRRCM,10.00663116,5.969305288,38.98027789,-1.315283824,-5.601307082,-7.483516325,1.324421589,-3.54136
DFKREP,10.019031,17.90791586,53.67587966,-1.48085786,-8.463690356,0.445922271,-0.229310955,-2.69703
DREKFDE,10.01714882,29.84652644,78.272546,-1.942196054,-14.49002238,-3.661210723,-4.413164938,-4.37893
PGGVRNG,10.01468732,5.969305288,43.46282487,-1.553225052,-7.537066939,-4.424475259,0.985468734,-5.57933
PVARMCR,10.01832542,5.969305288,38.66828768,-1.306129111,-5.904276084,-7.458999153,3.957723384,-3.38286
NWDDMEK,10.02239841,23.87722115,73.1660186,-2.025697921,-13.6905092,-4.840837533,-0.534505258,-3.3972
EFEGGSIEH,9.967027216,23.87722115,83.06708318,-1.724520843,-14.05330736,-2.303724789,-0.375923892,-4.6192
YKCKDGDLR,10.01067933,17.90791586,73.1660186,-1.889964659,-13.47622392,-5.776051207,-0.519306532,-4.69703
ASLDGEFKG,10.01460338,17.90791586,73.1660186,-1.833796613,-12.35309633,-1.86129673,-1.519877727,-4.691
DVNNPANQLD,10.00795004,17.90791586,92.03217713,-1.904560619,-20.16250613,-16.72280957,-5.611630081,-8.1692
NNENQLDEYQR,10.00382662,23.87722115,116.6288435,-2.218196628,-26.64172161,-15.99917385,-11.11632945,-10.13453
ALASLDGEFKG,10.0137618,17.90791586,82.75509297,-1.904407283,-14.39427225,-4.640638075,-1.592846897,-4.6554
